step,sim_time_s,active_nodes,links,delivery_ratio,avg_delay_s,avg_hops,avg_path_len,route_updates,convergence_s,avg_link_util,generated,delivered,drop_no_route,drop_loss,drop_broken,in_flight
0,5.0,105,641,0.00000,0.00000,0.000,3.000,0,-1.00,0.00002,15,0,0,0,0,15
1,10.0,105,640,1.00000,5.00000,1.000,3.150,134,-1.00,0.00002,30,1,0,0,0,29
2,15.0,105,641,1.00000,8.00000,1.600,3.150,508,-1.00,0.00002,45,5,0,0,0,40
3,20.0,105,641,0.92857,8.46154,1.692,3.325,338,-1.00,0.00002,60,13,0,1,0,46
4,25.0,105,641,0.90323,11.78571,2.357,3.051,496,-1.00,0.00002,75,28,1,2,0,44
5,30.0,105,644,0.88679,13.93617,2.787,3.050,243,-1.00,0.00002,90,47,1,5,0,37
6,35.0,105,646,0.90909,13.66667,2.733,3.000,231,-1.00,0.00002,105,60,1,5,0,39
7,40.0,105,646,0.88889,13.54167,2.708,2.975,292,-1.00,0.00002,120,72,2,7,0,39
8,45.0,105,648,0.90110,13.84146,2.768,3.154,187,-1.00,0.00002,135,82,2,7,0,44
9,50.0,105,648,0.91346,13.73684,2.747,2.872,118,-1.00,0.00002,150,95,2,7,0,46
10,55.0,105,645,0.92500,14.00901,2.802,2.975,421,-1.00,0.00002,165,111,2,7,0,45
11,60.0,105,642,0.93284,14.16000,2.832,2.950,359,-1.00,0.00002,180,125,2,7,0,46
12,65.0,105,642,0.92053,14.42446,2.885,2.700,369,-1.00,0.00002,195,139,2,10,0,44
13,70.0,105,638,0.91124,14.70779,2.942,3.100,320,-1.00,0.00002,210,154,2,13,0,41
14,75.0,105,638,0.91160,14.75758,2.952,2.850,536,-1.00,0.00002,225,165,2,14,0,44
15,80.0,105,639,0.91192,14.74432,2.949,3.000,353,-1.00,0.00002,240,176,2,15,0,47
16,85.0,105,640,0.91981,14.79487,2.959,3.275,150,-1.00,0.00002,255,195,2,15,0,43
17,90.0,105,638,0.91150,14.70874,2.942,2.825,294,-1.00,0.00002,270,206,2,18,0,44
18,95.0,105,638,0.90984,14.81982,2.964,3.075,116,-1.00,0.00002,285,222,2,20,0,41
19,100.0,105,637,0.91016,14.95708,2.991,3.100,257,-1.00,0.00002,300,233,2,21,0,44
20,105.0,105,635,0.91481,15.02024,3.004,2.800,193,-1.00,0.00002,315,247,2,21,0,45
21,110.0,105,635,0.91608,15.03817,3.008,3.275,292,-1.00,0.00002,330,262,2,22,0,44
22,115.0,105,635,0.91554,15.05535,3.011,3.300,155,-1.00,0.00002,345,271,2,23,0,49
23,120.0,105,637,0.92063,15.05172,3.010,2.925,437,-1.00,0.00002,360,290,2,23,0,45
24,125.0,105,637,0.92470,14.96743,2.993,3.225,120,-1.00,0.00002,375,307,2,23,0,43
25,130.0,105,637,0.92507,14.92212,2.984,3.150,362,-1.00,0.00002,390,321,2,24,0,43
26,135.0,105,638,0.92329,14.97033,2.994,2.725,244,-1.00,0.00002,405,337,2,26,0,40
27,140.0,105,639,0.92063,14.97126,2.994,3.275,167,-1.00,0.00002,420,348,2,28,0,42
28,145.0,105,638,0.92112,14.98619,2.997,3.100,182,-1.00,0.00002,435,362,2,29,0,42
29,150.0,105,637,0.92176,14.89390,2.979,3.125,330,-1.00,0.00002,450,377,2,30,0,41
30,155.0,105,637,0.92453,14.93622,2.987,2.800,367,-1.00,0.00002,465,392,2,30,0,41
31,160.0,105,633,0.92045,14.96296,2.993,3.025,289,-1.00,0.00002,480,405,2,33,0,40
32,165.0,105,633,0.92088,14.91647,2.983,3.075,582,-1.00,0.00002,495,419,2,34,0,40
33,170.0,105,637,0.91845,14.92991,2.986,3.150,238,-1.00,0.00002,510,428,2,36,0,44
34,175.0,105,638,0.91770,14.95516,2.991,3.225,457,-1.00,0.00002,525,446,2,38,0,39
35,180.0,105,637,0.91566,14.93421,2.987,3.100,315,-1.00,0.00002,540,456,2,40,0,42
36,185.0,105,639,0.91552,14.92489,2.985,2.875,230,-1.00,0.00002,555,466,2,41,0,46
37,190.0,105,639,0.91841,14.93802,2.988,3.225,94,-1.00,0.00002,570,484,2,41,0,43
38,195.0,105,637,0.92081,14.92000,2.984,2.925,206,-1.00,0.00002,585,500,2,41,0,42
39,200.0,105,636,0.92252,14.91211,2.982,3.050,331,-1.00,0.00002,600,512,2,41,0,45
40,205.0,105,635,0.92000,14.91493,2.983,3.275,156,-1.00,0.00002,615,529,2,44,0,40
41,210.0,105,634,0.91823,14.94434,2.989,3.275,293,-1.00,0.00002,630,539,2,46,0,43
42,215.0,105,633,0.91960,14.95446,2.991,3.000,328,-1.00,0.00002,645,549,2,46,0,48
43,220.0,105,634,0.91558,14.99113,2.998,3.375,244,-1.00,0.00002,660,564,2,50,0,44
44,225.0,105,635,0.91352,14.87952,2.976,3.050,237,-1.00,0.00002,675,581,2,53,0,39
45,230.0,105,637,0.91172,14.92487,2.985,2.975,169,-1.00,0.00002,690,599,2,56,0,33
46,235.0,105,637,0.91291,14.93421,2.987,3.075,144,-1.00,0.00002,705,608,2,56,0,39
47,240.0,105,639,0.91311,14.87097,2.974,2.850,321,-1.00,0.00002,720,620,2,57,0,41
48,245.0,105,639,0.91286,14.78873,2.958,3.103,343,-1.00,0.00002,735,639,3,58,0,35
49,250.0,105,637,0.91036,14.81538,2.963,3.275,376,-1.00,0.00002,750,650,4,60,0,36
50,255.0,105,637,0.90797,14.81089,2.962,3.179,469,-1.00,0.00002,765,661,5,62,0,37
51,260.0,105,638,0.90946,14.81426,2.963,2.925,324,-1.00,0.00002,780,673,5,62,0,40
52,265.0,105,639,0.90993,14.81077,2.962,2.825,311,-1.00,0.00002,795,687,5,63,0,40
53,270.0,105,640,0.90661,14.79971,2.960,3.128,282,-1.00,0.00002,810,699,6,66,0,39
54,275.0,105,645,0.90629,14.79462,2.959,3.308,279,-1.00,0.00002,825,706,6,67,0,46
55,280.0,105,647,0.90715,14.84094,2.968,3.125,178,-1.00,0.00002,840,723,6,68,0,43
56,285.0,105,645,0.90617,14.84332,2.969,3.026,205,-1.00,0.00002,855,734,6,70,0,45
57,290.0,105,644,0.90568,14.85314,2.971,2.725,288,-1.00,0.00002,870,749,7,71,0,43
58,295.0,105,643,0.90319,14.84967,2.970,2.795,244,-1.00,0.00002,885,765,8,74,0,38
59,300.0,105,640,0.90349,14.83912,2.968,3.000,200,-1.00,0.00002,900,777,8,75,0,40
60,305.0,105,640,0.90579,14.81830,2.964,2.975,365,-1.00,0.00002,915,798,8,75,0,34
61,310.0,105,639,0.90572,14.78315,2.957,3.179,218,-1.00,0.00002,930,807,8,76,0,39
62,315.0,105,639,0.90608,14.76220,2.952,2.846,618,-1.00,0.00002,945,820,8,77,0,40
63,320.0,105,639,0.90564,14.73054,2.946,3.333,199,-1.00,0.00002,960,835,9,78,0,38
64,325.0,105,639,0.90578,14.75768,2.952,2.658,149,-1.00,0.00002,975,846,10,78,0,41
65,330.0,105,640,0.90648,14.73036,2.946,3.000,168,-1.00,0.00002,990,853,10,78,0,49
66,335.0,105,641,0.90795,14.78687,2.957,2.975,227,-1.00,0.00002,1005,868,10,78,0,49
67,340.0,105,641,0.90769,14.82486,2.965,3.368,232,-1.00,0.00002,1020,885,10,80,0,45
68,345.0,105,644,0.90616,14.81626,2.963,3.051,270,-1.00,0.00002,1035,898,11,82,0,44
69,350.0,105,647,0.90424,14.79258,2.959,3.378,396,-1.00,0.00002,1050,916,11,86,0,37
70,355.0,105,649,0.90509,14.80000,2.960,3.154,294,-1.00,0.00002,1065,925,11,86,0,43
71,360.0,105,648,0.90664,14.81953,2.964,2.925,491,-1.00,0.00002,1080,942,11,86,0,41
72,365.0,105,652,0.90779,14.79581,2.959,2.950,305,-1.00,0.00002,1095,955,11,86,0,43
73,370.0,105,650,0.90637,14.80372,2.961,2.800,229,-1.00,0.00002,1110,968,11,89,0,42
74,375.0,105,649,0.90683,14.82706,2.965,3.150,275,-1.00,0.00002,1125,983,11,90,0,41
75,380.0,105,646,0.90537,14.81910,2.964,3.300,182,-1.00,0.00002,1140,995,11,93,0,41
76,385.0,105,648,0.90541,14.81095,2.962,3.200,299,-1.00,0.00002,1155,1005,11,94,0,45
77,390.0,105,646,0.90667,14.83333,2.967,3.100,195,-1.00,0.00002,1170,1020,11,94,0,45
78,395.0,105,642,0.90702,14.84043,2.968,3.050,445,-1.00,0.00002,1185,1034,11,95,0,45
79,400.0,105,642,0.90720,14.86616,2.973,3.100,211,-1.00,0.00002,1200,1046,11,96,0,47
80,405.0,105,641,0.90692,14.82109,2.964,3.200,523,-1.00,0.00002,1215,1062,11,98,0,44
81,410.0,105,641,0.90817,14.85622,2.971,2.900,366,-1.00,0.00002,1230,1078,11,98,0,43
82,415.0,105,641,0.90856,14.85819,2.972,2.650,195,-1.00,0.00002,1245,1093,11,99,0,42
83,420.0,105,640,0.90954,14.87794,2.976,3.075,316,-1.00,0.00002,1260,1106,11,99,0,44
84,425.0,105,640,0.90968,14.86583,2.973,3.350,322,-1.00,0.00002,1275,1118,11,100,0,46
85,430.0,105,641,0.91077,14.88526,2.977,3.175,223,-1.00,0.00002,1290,1133,11,100,0,46
86,435.0,105,642,0.91197,14.87391,2.975,3.325,159,-1.00,0.00002,1305,1150,11,100,0,44
87,440.0,105,643,0.91294,14.87543,2.975,2.925,288,-1.00,0.00002,1320,1164,11,100,0,45
88,445.0,105,648,0.91176,14.88964,2.978,3.150,326,-1.00,0.00002,1335,1178,11,103,0,43
89,450.0,105,643,0.91174,14.89899,2.980,2.950,357,-1.00,0.00002,1350,1188,11,104,0,47
90,455.0,105,648,0.91185,14.90833,2.982,3.000,423,-1.00,0.00002,1365,1200,11,105,0,49
91,460.0,105,644,0.91031,14.91379,2.983,3.300,315,-1.00,0.00002,1380,1218,11,109,0,42
92,465.0,105,642,0.91111,14.93902,2.988,3.200,330,-1.00,0.00002,1395,1230,11,109,0,45
93,470.0,105,642,0.91155,14.95188,2.990,2.950,122,-1.00,0.00002,1410,1247,11,110,0,42
94,475.0,105,640,0.91087,14.94829,2.990,2.850,225,-1.00,0.00002,1425,1257,11,112,0,45
95,480.0,105,639,0.91149,14.95301,2.991,2.875,246,-1.00,0.00002,1440,1277,11,113,0,39
96,485.0,105,640,0.91185,14.93426,2.987,3.200,342,-1.00,0.00002,1455,1293,11,114,0,37
97,490.0,105,640,0.91213,14.91208,2.982,2.925,214,-1.00,0.00002,1470,1308,11,115,0,36
98,495.0,105,640,0.91148,14.90137,2.980,2.975,318,-1.00,0.00002,1485,1318,11,117,0,39
99,500.0,105,641,0.91140,14.89073,2.978,3.225,533,-1.00,0.00002,1500,1327,11,118,0,44
100,505.0,105,641,0.91113,14.86597,2.973,3.025,222,-1.00,0.00002,1515,1343,11,120,0,41
101,510.0,105,644,0.91135,14.86367,2.973,3.125,392,-1.00,0.00002,1530,1357,11,121,0,41
102,515.0,105,647,0.91079,14.89035,2.978,3.000,171,-1.00,0.00002,1545,1368,11,123,0,43
103,520.0,105,646,0.91095,14.86966,2.974,3.075,229,-1.00,0.00002,1560,1381,11,124,0,44
104,525.0,105,649,0.91134,14.87124,2.974,3.225,221,-1.00,0.00002,1575,1398,11,125,0,41
105,530.0,105,652,0.91203,14.87234,2.974,3.025,245,-1.00,0.00002,1590,1410,11,125,0,44
106,535.0,105,654,0.91235,14.87728,2.975,3.175,327,-1.00,0.00002,1605,1426,11,126,0,42
107,540.0,105,650,0.91191,14.87839,2.976,2.925,284,-1.00,0.00002,1620,1439,11,128,0,42
108,545.0,105,652,0.91160,14.86933,2.974,3.025,294,-1.00,0.00002,1635,1454,11,130,0,40
109,550.0,105,649,0.91207,14.85064,2.970,2.825,379,-1.00,0.00002,1650,1473,11,131,0,35
110,555.0,105,647,0.91166,14.84859,2.970,2.925,330,-1.00,0.00002,1665,1486,11,133,0,35
111,560.0,105,644,0.91153,14.83601,2.967,3.200,263,-1.00,0.00002,1680,1494,11,134,0,41
112,565.0,105,644,0.91168,14.83411,2.967,2.975,247,-1.00,0.00002,1695,1507,11,135,0,42
113,570.0,105,643,0.91111,14.84179,2.968,2.900,230,-1.00,0.00002,1710,1517,11,137,0,45
114,575.0,105,642,0.91044,14.83713,2.967,2.900,187,-1.00,0.00002,1725,1535,11,140,0,39
115,580.0,105,643,0.91059,14.81912,2.964,3.100,202,-1.00,0.00002,1740,1548,11,141,0,40
116,585.0,105,643,0.91020,14.80782,2.962,2.975,242,-1.00,0.00002,1755,1561,11,143,0,40
117,590.0,105,641,0.91083,14.82517,2.965,3.275,531,-1.00,0.00002,1770,1573,11,143,0,43
118,595.0,105,642,0.91097,14.83922,2.968,3.175,250,-1.00,0.00002,1785,1586,11,144,0,44
119,600.0,105,644,0.91126,14.83146,2.966,3.000,323,-1.00,0.00002,1800,1602,11,145,0,42
120,605.0,105,646,0.91206,14.83622,2.967,2.925,160,-1.00,0.00002,1815,1618,11,145,0,41
121,610.0,105,647,0.91153,14.83108,2.966,2.800,228,-1.00,0.00002,1830,1628,11,147,0,44
122,615.0,105,648,0.91111,14.85061,2.970,3.025,303,-1.00,0.00002,1845,1640,11,149,0,45
123,620.0,105,649,0.91125,14.85178,2.970,3.025,238,-1.00,0.00002,1860,1653,11,150,0,46
124,625.0,105,648,0.91098,14.85612,2.971,3.125,131,-1.00,0.00002,1875,1668,11,152,0,44
125,630.0,105,643,0.90978,14.83373,2.967,2.600,447,-1.00,0.00002,1890,1684,13,154,0,39
126,635.0,105,641,0.90948,14.84688,2.969,2.872,335,-1.00,0.00002,1905,1698,15,154,0,38
127,640.0,105,640,0.90991,14.86233,2.972,3.179,302,-1.00,0.00002,1920,1707,15,154,0,44
128,645.0,105,640,0.91020,14.86361,2.973,3.300,579,-1.00,0.00002,1935,1723,15,155,0,42
129,650.0,105,639,0.91028,14.84726,2.969,2.675,416,-1.00,0.00002,1950,1735,15,156,0,44
130,655.0,105,641,0.90994,14.86556,2.973,3.425,371,-1.00,0.00002,1965,1748,15,158,0,44
131,660.0,105,641,0.90857,14.87493,2.975,2.975,202,-1.00,0.00002,1980,1759,15,162,0,44
132,665.0,105,638,0.90821,14.86731,2.973,2.700,240,-1.00,0.00002,1995,1771,15,164,0,45
133,670.0,105,639,0.90895,14.86849,2.974,3.325,199,-1.00,0.00002,2010,1787,15,164,0,44
134,675.0,105,637,0.90969,14.88907,2.978,2.950,205,-1.00,0.00002,2025,1803,15,164,0,43
135,680.0,105,634,0.90936,14.88711,2.977,3.175,296,-1.00,0.00002,2040,1816,15,166,0,43
136,685.0,105,635,0.90900,14.87418,2.975,2.925,200,-1.00,0.00002,2055,1828,15,168,0,44
137,690.0,105,637,0.90896,14.88630,2.977,3.075,340,-1.00,0.00002,2070,1847,15,170,0,38
138,695.0,105,638,0.90860,14.88166,2.976,3.150,326,-1.00,0.00002,2085,1859,15,172,0,39
139,700.0,105,638,0.90874,14.88515,2.977,3.075,136,-1.00,0.00002,2100,1872,15,173,0,40
140,705.0,105,637,0.90940,14.87811,2.976,2.725,288,-1.00,0.00002,2115,1887,15,173,0,40
141,710.0,105,640,0.90975,14.86280,2.973,2.850,213,-1.00,0.00002,2130,1895,15,173,0,47
142,715.0,105,640,0.91048,14.86663,2.973,3.300,159,-1.00,0.00002,2145,1912,15,173,0,45
143,720.0,105,638,0.91012,14.86227,2.972,2.900,191,-1.00,0.00002,2160,1924,15,175,0,46
144,725.0,105,638,0.91045,14.86354,2.973,3.275,365,-1.00,0.00002,2175,1942,15,176,0,42
145,730.0,105,637,0.91032,14.88259,2.977,2.875,519,-1.00,0.00002,2190,1959,15,178,0,38
146,735.0,105,635,0.91065,14.87290,2.975,3.350,275,-1.00,0.00002,2205,1967,15,178,0,45
147,740.0,105,634,0.91126,14.88396,2.977,3.150,542,-1.00,0.00002,2220,1982,15,178,0,45
148,745.0,105,638,0.91045,14.85771,2.972,3.175,354,-1.00,0.00002,2235,2003,15,182,0,35
149,750.0,105,638,0.91012,14.85856,2.972,2.900,356,-1.00,0.00002,2250,2015,15,184,0,36
150,755.0,105,637,0.91056,14.84452,2.969,2.750,250,-1.00,0.00002,2265,2026,15,184,0,40
151,760.0,105,638,0.91039,14.84498,2.969,3.125,210,-1.00,0.00002,2280,2032,15,185,0,48
152,765.0,105,638,0.91119,14.85867,2.972,2.925,233,-1.00,0.00002,2295,2052,15,185,0,43
153,770.0,105,638,0.91118,14.85209,2.970,2.825,161,-1.00,0.00002,2310,2062,15,186,0,47
154,775.0,105,637,0.91144,14.86051,2.972,2.900,282,-1.00,0.00002,2325,2079,15,187,0,44
155,780.0,105,637,0.91162,14.87345,2.975,3.375,109,-1.00,0.00002,2340,2094,15,188,0,43
156,785.0,105,635,0.91188,14.86026,2.972,3.025,460,-1.00,0.00002,2355,2111,15,189,0,40
157,790.0,105,635,0.91209,14.85661,2.971,3.475,154,-1.00,0.00002,2370,2127,15,190,0,38
158,795.0,105,634,0.91243,14.85721,2.971,3.050,281,-1.00,0.00002,2385,2136,15,190,0,44
159,800.0,105,637,0.91140,14.85581,2.971,3.275,293,-1.00,0.00002,2400,2150,15,194,0,41
160,805.0,105,638,0.91178,14.84259,2.969,2.900,155,-1.00,0.00002,2415,2160,15,194,0,46
161,810.0,105,638,0.91172,14.85773,2.972,3.000,208,-1.00,0.00002,2430,2179,15,196,0,40
162,815.0,105,640,0.91170,14.85838,2.972,2.875,213,-1.00,0.00002,2445,2189,15,197,0,44
163,820.0,105,638,0.91139,14.85688,2.971,3.075,269,-1.00,0.00002,2460,2201,15,199,0,45
164,825.0,105,637,0.91197,14.86468,2.973,3.000,256,-1.00,0.00002,2475,2217,15,199,0,44
165,830.0,105,638,0.91166,14.86990,2.974,2.825,502,-1.00,0.00002,2490,2229,15,201,0,45
166,835.0,105,641,0.91101,14.88180,2.976,2.825,601,-1.00,0.00002,2505,2242,15,204,0,44
167,840.0,105,639,0.91048,14.88928,2.978,3.000,320,-1.00,0.00002,2520,2258,15,207,0,40
168,845.0,105,642,0.90931,14.88967,2.978,3.077,264,-1.00,0.00002,2535,2266,15,211,0,43
169,850.0,105,645,0.90953,14.88606,2.977,3.000,259,-1.00,0.00002,2550,2282,15,212,0,41
170,855.0,105,646,0.90938,14.89339,2.979,3.225,108,-1.00,0.00002,2565,2298,16,213,0,38
171,860.0,105,644,0.90948,14.88317,2.977,2.846,196,-1.00,0.00002,2580,2311,17,213,0,39
172,865.0,105,643,0.90998,14.87957,2.976,2.775,281,-1.00,0.00002,2595,2325,17,213,0,40
173,870.0,105,642,0.91040,14.87377,2.975,3.125,241,-1.00,0.00002,2610,2337,17,213,0,43
174,875.0,105,639,0.91047,14.86803,2.974,2.725,275,-1.00,0.00002,2625,2349,17,214,0,45
175,880.0,105,639,0.91053,14.88564,2.977,2.795,358,-1.00,0.00002,2640,2361,17,215,0,47
176,885.0,105,639,0.91104,14.88636,2.977,2.923,278,-1.00,0.00002,2655,2376,17,215,0,47
177,890.0,105,638,0.91120,14.89126,2.978,3.158,540,-1.00,0.00002,2670,2391,17,216,0,46
178,895.0,105,639,0.91136,14.89609,2.979,3.026,147,-1.00,0.00002,2685,2406,18,216,0,45
179,900.0,105,640,0.91159,14.89682,2.979,3.000,134,-1.00,0.00002,2700,2423,18,217,0,42
180,905.0,105,642,0.91154,14.90337,2.981,3.077,191,-1.00,0.00002,2715,2432,18,218,0,47
181,910.0,105,641,0.91170,14.91827,2.984,3.000,219,-1.00,0.00002,2730,2447,19,218,0,46
182,915.0,105,642,0.91198,14.91281,2.983,2.949,230,-1.00,0.00002,2745,2466,19,219,0,41
183,920.0,105,645,0.91136,14.90517,2.981,2.923,435,-1.00,0.00002,2760,2478,20,221,0,41
184,925.0,105,647,0.91185,14.91175,2.982,2.949,291,-1.00,0.00002,2775,2493,20,221,0,41
185,930.0,105,648,0.91200,14.90630,2.981,3.025,339,-1.00,0.00002,2790,2508,21,221,0,40
186,935.0,105,648,0.91169,14.89281,2.979,2.975,283,-1.00,0.00002,2805,2519,22,222,0,42
187,940.0,105,651,0.91190,14.90536,2.981,3.128,258,-1.00,0.00002,2820,2536,22,223,0,39
188,945.0,105,649,0.91195,14.89600,2.979,2.900,235,-1.00,0.00002,2835,2548,22,224,0,41
189,950.0,105,647,0.91165,14.89254,2.979,2.974,227,-1.00,0.00002,2850,2559,23,225,0,43
190,955.0,105,645,0.91109,14.89891,2.980,3.000,216,-1.00,0.00002,2865,2572,23,228,0,42
191,960.0,105,644,0.91047,14.89547,2.979,2.868,213,-1.00,0.00002,2880,2583,24,230,0,43
192,965.0,105,641,0.91106,14.89047,2.978,3.282,274,-1.00,0.00002,2895,2602,24,230,0,39
193,970.0,105,640,0.91121,14.89874,2.980,3.350,603,-1.00,0.00002,2910,2617,24,231,0,38
194,975.0,105,640,0.91161,14.88973,2.978,2.900,247,-1.00,0.00002,2925,2630,24,231,0,40
195,980.0,105,639,0.91123,14.88817,2.978,2.975,603,-1.00,0.00002,2940,2638,24,233,0,45
196,985.0,105,639,0.91109,14.89073,2.978,3.025,236,-1.00,0.00002,2955,2654,24,235,0,42
197,990.0,105,640,0.91123,14.88947,2.978,2.875,353,-1.00,0.00002,2970,2669,24,236,0,41
198,995.0,105,638,0.91177,14.88091,2.976,3.300,191,-1.00,0.00002,2985,2687,24,236,0,38
199,1000.0,105,639,0.91115,14.87393,2.975,2.750,256,-1.00,0.00002,3000,2697,24,239,0,40
200,1005.0,103,615,0.91123,14.86347,2.973,3.300,10109,-1.00,0.00002,3015,2710,24,239,0,41
201,1010.0,103,617,0.91092,14.87316,2.975,3.000,213,-1.00,0.00002,3030,2720,24,241,0,44
202,1015.0,103,619,0.91094,14.87733,2.975,3.175,288,-1.00,0.00002,3045,2731,24,242,0,47
203,1020.0,103,620,0.91162,14.88199,2.976,2.925,325,-1.00,0.00002,3060,2754,24,242,0,39
204,1025.0,103,617,0.91101,14.87880,2.976,2.900,302,-1.00,0.00002,3075,2764,24,245,0,41
205,1030.0,103,618,0.91133,14.87027,2.974,3.175,269,-1.00,0.00002,3090,2775,24,245,0,45
206,1035.0,103,617,0.91199,14.85704,2.971,3.225,358,-1.00,0.00002,3105,2798,24,245,0,37
207,1040.0,103,615,0.91139,14.85755,2.972,3.000,294,-1.00,0.00002,3120,2808,24,248,0,39
208,1045.0,103,614,0.91141,14.85811,2.972,3.025,148,-1.00,0.00002,3135,2819,24,249,0,42
209,1050.0,103,613,0.91140,14.86214,2.972,2.825,183,-1.00,0.00002,3150,2829,24,250,0,46
210,1055.0,103,613,0.91145,14.86321,2.973,3.125,191,-1.00,0.00002,3165,2851,24,252,0,37
211,1060.0,103,614,0.91173,14.85495,2.971,3.000,396,-1.00,0.00002,3180,2861,24,252,0,42
212,1065.0,103,614,0.91146,14.85898,2.972,3.525,152,-1.00,0.00002,3195,2872,24,254,0,44
213,1070.0,103,616,0.91173,14.86169,2.972,2.500,440,-1.00,0.00002,3210,2892,24,255,0,38
214,1075.0,103,614,0.91189,14.85335,2.971,3.200,354,-1.00,0.00002,3225,2898,24,255,0,47
215,1080.0,103,614,0.91185,14.85259,2.971,3.175,185,-1.00,0.00002,3240,2917,24,257,0,41
216,1085.0,103,617,0.91223,14.86012,2.972,3.175,374,-1.00,0.00002,3255,2931,24,257,0,42
217,1090.0,103,620,0.91132,14.85880,2.972,3.200,146,-1.00,0.00002,3270,2939,24,261,0,45
218,1095.0,103,621,0.91058,14.86793,2.974,3.450,291,-1.00,0.00002,3285,2953,24,265,0,42
219,1100.0,103,623,0.91029,14.86838,2.974,3.150,165,-1.00,0.00002,3300,2963,24,267,0,45
220,1105.0,103,624,0.90995,14.87420,2.975,3.400,193,-1.00,0.00002,3315,2981,24,270,0,39
221,1110.0,103,626,0.90967,14.87797,2.976,2.825,275,-1.00,0.00002,3330,2991,24,272,0,42
222,1115.0,103,625,0.90997,14.88008,2.976,2.950,308,-1.00,0.00002,3345,3002,24,272,0,46
223,1120.0,103,627,0.90975,14.87890,2.976,3.275,320,-1.00,0.00002,3360,3014,24,274,0,47
224,1125.0,103,624,0.90999,14.88131,2.976,2.875,296,-1.00,0.00002,3375,3033,24,275,0,42
225,1130.0,103,622,0.91029,14.88338,2.977,2.850,345,-1.00,0.00002,3390,3044,24,275,0,46
226,1135.0,103,619,0.90993,14.89219,2.978,3.325,337,-1.00,0.00002,3405,3061,24,278,0,41
227,1140.0,103,619,0.91022,14.89095,2.978,2.875,151,-1.00,0.00002,3420,3072,24,278,0,45
228,1145.0,103,617,0.91003,14.89465,2.979,2.725,229,-1.00,0.00002,3435,3085,24,280,0,45
229,1150.0,103,617,0.91024,14.88882,2.978,2.900,149,-1.00,0.00002,3450,3103,24,281,0,41
230,1155.0,103,617,0.91026,14.89724,2.979,3.225,157,-1.00,0.00002,3465,3114,24,282,0,44
231,1160.0,103,616,0.91020,14.90070,2.980,3.100,243,-1.00,0.00002,3480,3122,24,283,0,50
232,1165.0,103,616,0.90993,14.89497,2.979,3.150,405,-1.00,0.00002,3495,3142,24,286,0,42
233,1170.0,103,617,0.91027,14.89699,2.979,2.850,221,-1.00,0.00002,3510,3155,24,286,0,44
234,1175.0,103,620,0.91058,14.91475,2.983,3.150,304,-1.00,0.00002,3525,3167,24,286,0,47
235,1180.0,103,623,0.91037,14.91821,2.984,2.950,179,-1.00,0.00002,3540,3179,24,288,0,48
236,1185.0,103,623,0.91059,14.92495,2.985,2.850,244,-1.00,0.00002,3555,3198,24,289,0,43
237,1190.0,103,622,0.91064,14.92523,2.985,3.050,239,-1.00,0.00002,3570,3210,24,290,0,45
238,1195.0,103,624,0.91068,14.93017,2.986,3.050,155,-1.00,0.00002,3585,3222,24,291,0,47
239,1200.0,103,622,0.91037,14.94136,2.988,3.100,131,-1.00,0.00002,3600,3240,24,294,0,41
240,1205.0,103,617,0.91067,14.93542,2.987,2.925,277,-1.00,0.00002,3615,3252,24,294,0,44
241,1210.0,103,619,0.91104,14.93725,2.987,2.950,272,-1.00,0.00002,3630,3267,24,294,0,44
242,1215.0,103,616,0.91126,14.93457,2.987,3.025,290,-1.00,0.00002,3645,3286,24,295,0,39
243,1220.0,103,616,0.91093,14.93927,2.988,3.175,378,-1.00,0.00002,3660,3293,24,297,0,45
244,1225.0,103,614,0.91092,14.94399,2.989,2.895,443,-1.00,0.00002,3675,3303,24,298,0,49
245,1230.0,103,616,0.91079,14.95329,2.991,2.900,328,-1.00,0.00002,3690,3318,25,299,0,47
246,1235.0,103,615,0.91066,14.95350,2.991,2.975,190,-1.00,0.00002,3705,3333,25,301,0,45
247,1240.0,103,615,0.91107,14.95821,2.992,3.000,363,-1.00,0.00002,3720,3350,25,301,0,43
248,1245.0,103,615,0.91096,14.95692,2.991,3.125,117,-1.00,0.00002,3735,3366,25,303,0,40
249,1250.0,103,613,0.91073,14.96150,2.992,2.775,168,-1.00,0.00002,3750,3377,25,305,0,42
250,1255.0,103,610,0.91053,14.96164,2.992,2.950,281,-1.00,0.00002,3765,3389,25,307,0,43
251,1260.0,103,610,0.91011,14.96326,2.993,3.200,259,-1.00,0.00002,3780,3402,25,310,0,42
252,1265.0,103,612,0.91018,14.97072,2.994,3.325,345,-1.00,0.00002,3795,3415,25,311,0,43
253,1270.0,103,613,0.91025,14.97083,2.994,3.375,170,-1.00,0.00002,3810,3428,25,312,0,44
254,1275.0,103,614,0.91034,14.97385,2.995,3.200,209,-1.00,0.00002,3825,3442,25,313,0,44
255,1280.0,103,612,0.91065,14.97685,2.995,3.025,202,-1.00,0.00002,3840,3455,25,313,0,46
256,1285.0,103,616,0.91057,14.97984,2.996,3.375,236,-1.00,0.00002,3855,3472,25,315,0,42
257,1290.0,103,617,0.91099,14.96848,2.994,3.125,117,-1.00,0.00002,3870,3490,25,315,0,39
258,1295.0,103,615,0.91136,14.96007,2.992,3.100,173,-1.00,0.00002,3885,3506,25,315,0,38
259,1300.0,103,615,0.91131,14.96443,2.993,3.200,330,-1.00,0.00002,3900,3514,25,316,0,44
260,1305.0,103,613,0.91132,14.96312,2.993,3.325,336,-1.00,0.00002,3915,3525,25,317,0,47
261,1310.0,103,610,0.91117,14.97457,2.995,2.925,404,-1.00,0.00002,3930,3539,25,319,0,46
262,1315.0,103,612,0.91154,14.97328,2.995,2.975,429,-1.00,0.00002,3945,3555,25,319,0,45
263,1320.0,103,615,0.91171,14.97761,2.996,2.950,332,-1.00,0.00002,3960,3573,25,320,0,41
264,1325.0,103,614,0.91196,14.97907,2.996,3.200,387,-1.00,0.00002,3975,3584,25,320,0,45
265,1330.0,103,615,0.91176,14.97636,2.995,3.200,219,-1.00,0.00002,3990,3596,25,322,0,46
266,1335.0,103,616,0.91136,14.98199,2.996,3.075,189,-1.00,0.00002,4005,3609,25,325,0,45
267,1340.0,103,615,0.91145,14.98758,2.998,3.000,178,-1.00,0.00002,4020,3623,25,326,0,45
268,1345.0,103,615,0.91134,14.99038,2.998,2.625,183,-1.00,0.00002,4035,3639,25,328,0,42
269,1350.0,103,615,0.91122,14.99042,2.998,3.150,167,-1.00,0.00002,4050,3654,25,330,0,40
270,1355.0,103,617,0.91085,14.98773,2.998,3.000,165,-1.00,0.00002,4065,3668,25,333,0,38
271,1360.0,103,614,0.91062,14.98233,2.996,3.075,478,-1.00,0.00002,4080,3678,25,335,0,41
272,1365.0,103,612,0.91041,14.98780,2.998,2.750,119,-1.00,0.00002,4095,3689,25,337,0,43
273,1370.0,103,613,0.91043,14.98919,2.998,3.075,306,-1.00,0.00002,4110,3700,25,338,0,46
274,1375.0,103,615,0.91025,14.99057,2.998,3.000,136,-1.00,0.00002,4125,3712,25,340,0,47
275,1380.0,103,615,0.91011,15.00268,3.001,3.200,114,-1.00,0.00002,4140,3726,25,342,0,46
276,1385.0,103,615,0.91044,15.00535,3.001,3.275,163,-1.00,0.00002,4155,3741,25,342,0,46
277,1390.0,103,617,0.91035,15.00932,3.002,3.375,196,-1.00,0.00002,4170,3757,25,344,0,43
278,1395.0,103,615,0.91061,15.01061,3.002,2.725,263,-1.00,0.00002,4185,3769,25,344,0,46
279,1400.0,103,615,0.91053,15.02377,3.005,3.425,339,-1.00,0.00002,4200,3786,25,346,0,42
280,1405.0,103,614,0.91051,15.01845,3.004,3.000,387,-1.00,0.00002,4215,3795,25,347,0,47
281,1410.0,103,617,0.91020,15.01968,3.004,3.025,400,-1.00,0.00002,4230,3811,25,350,0,43
282,1415.0,103,616,0.91050,15.01961,3.004,2.750,280,-1.00,0.00002,4245,3825,25,350,0,44
283,1420.0,103,619,0.91058,15.01693,3.003,3.125,425,-1.00,0.00002,4260,3839,25,351,0,44
284,1425.0,103,621,0.91014,15.02208,3.004,3.400,196,-1.00,0.00002,4275,3849,25,354,0,46
285,1430.0,103,620,0.91014,15.01555,3.003,2.974,156,-1.00,0.00002,4290,3859,26,354,0,50
286,1435.0,103,620,0.91024,15.02581,3.005,3.275,219,-1.00,0.00002,4305,3874,27,354,0,49
287,1440.0,103,619,0.91022,15.03725,3.007,3.538,167,-1.00,0.00002,4320,3893,28,355,0,43
288,1445.0,103,618,0.90987,15.03967,3.008,3.128,207,-1.00,0.00002,4335,3907,28,358,0,41
289,1450.0,103,612,0.90947,15.04467,3.009,2.821,383,-1.00,0.00002,4350,3918,29,360,0,42
290,1455.0,103,613,0.90964,15.04700,3.009,3.077,150,-1.00,0.00002,4365,3936,29,361,0,38
291,1460.0,103,613,0.90987,15.04180,3.008,3.350,295,-1.00,0.00002,4380,3947,29,361,0,42
292,1465.0,103,613,0.90951,15.03914,3.008,3.256,361,-1.00,0.00002,4395,3960,29,364,0,41
293,1470.0,103,614,0.90972,15.04156,3.008,2.825,119,-1.00,0.00002,4410,3970,29,364,0,46
294,1475.0,103,615,0.90938,15.04518,3.009,3.125,124,-1.00,0.00002,4425,3984,32,364,0,44
295,1480.0,103,618,0.90901,15.05255,3.011,3.050,100,-1.00,0.00002,4440,3996,32,367,0,44
296,1485.0,103,618,0.90886,15.05363,3.011,3.308,270,-1.00,0.00002,4455,4009,33,368,0,44
297,1490.0,103,619,0.90831,15.06340,3.013,3.225,197,-1.00,0.00002,4470,4022,34,371,0,42
298,1495.0,103,623,0.90827,15.07072,3.014,3.100,343,-1.00,0.00002,4485,4030,34,372,0,48
299,1500.0,103,625,0.90866,15.06545,3.013,2.825,311,-1.00,0.00002,4500,4049,34,372,0,44
300,1505.0,103,626,0.90862,15.07254,3.015,3.125,324,-1.00,0.00002,4515,4067,34,374,0,39
301,1510.0,103,627,0.90822,15.07236,3.014,3.000,249,-1.00,0.00002,4530,4077,34,377,0,41
302,1515.0,103,628,0.90806,15.07581,3.015,2.868,147,-1.00,0.00002,4545,4089,34,379,0,42
303,1520.0,103,626,0.90833,15.06948,3.014,3.200,226,-1.00,0.00002,4560,4102,34,379,0,44
304,1525.0,103,623,0.90835,15.06929,3.014,3.225,233,-1.00,0.00002,4575,4113,35,379,0,47
305,1530.0,103,622,0.90849,15.07627,3.015,2.575,161,-1.00,0.00002,4590,4130,35,380,0,44
306,1535.0,103,621,0.90789,15.07850,3.016,3.231,228,-1.00,0.00002,4605,4140,35,384,0,45
307,1540.0,103,618,0.90824,15.07578,3.015,3.216,258,-1.00,0.00002,4620,4157,35,384,0,43
308,1545.0,103,615,0.90852,15.08032,3.016,3.375,327,-1.00,0.00002,4635,4171,35,384,0,44
309,1550.0,103,614,0.90820,15.08602,3.017,2.900,290,-1.00,0.00002,4650,4185,35,387,0,42
310,1555.0,103,613,0.90803,15.08460,3.017,3.075,476,-1.00,0.00002,4665,4196,35,389,0,44
311,1560.0,103,614,0.90807,15.08793,3.018,2.825,187,-1.00,0.00002,4680,4208,36,389,0,46
312,1565.0,103,614,0.90839,15.08049,3.016,3.333,323,-1.00,0.00002,4695,4224,36,389,0,45
313,1570.0,103,614,0.90812,15.07901,3.016,3.025,212,-1.00,0.00002,4710,4240,38,390,0,41
314,1575.0,103,614,0.90781,15.08698,3.017,2.974,217,-1.00,0.00002,4725,4254,40,391,0,39
315,1580.0,103,616,0.90810,15.08433,3.017,3.100,191,-1.00,0.00002,4740,4269,40,391,0,39
316,1585.0,103,619,0.90730,15.08066,3.016,3.400,438,-1.00,0.00002,4755,4277,40,396,0,41
317,1590.0,103,622,0.90719,15.08157,3.016,2.850,258,-1.00,0.00002,4770,4291,40,398,0,40
318,1595.0,103,622,0.90702,15.07903,3.016,3.000,414,-1.00,0.00002,4785,4302,40,400,0,42
319,1600.0,103,621,0.90685,15.07999,3.016,3.000,276,-1.00,0.00002,4800,4313,40,402,0,44
320,1605.0,103,622,0.90677,15.08318,3.017,3.075,285,-1.00,0.00002,4815,4328,40,404,0,42
321,1610.0,103,620,0.90617,15.08879,3.018,2.725,331,-1.00,0.00002,4830,4336,40,408,0,45
322,1615.0,103,618,0.90606,15.09310,3.019,3.350,230,-1.00,0.00002,4845,4350,40,410,0,44
323,1620.0,103,616,0.90577,15.09280,3.019,2.975,140,-1.00,0.00002,4860,4364,40,413,0,42
324,1625.0,103,615,0.90589,15.09589,3.019,3.000,232,-1.00,0.00002,4875,4380,40,414,0,40
325,1630.0,103,615,0.90540,15.09788,3.020,3.125,160,-1.00,0.00002,4890,4393,40,418,0,38
326,1635.0,103,615,0.90543,15.09310,3.019,2.950,385,-1.00,0.00002,4905,4404,40,419,0,41
327,1640.0,103,615,0.90544,15.09402,3.019,2.825,139,-1.00,0.00002,4920,4414,40,420,0,45
328,1645.0,103,616,0.90556,15.08916,3.018,2.975,520,-1.00,0.00002,4935,4430,40,421,0,43
329,1650.0,103,615,0.90566,15.08774,3.018,3.075,286,-1.00,0.00002,4950,4445,40,422,0,42
330,1655.0,103,618,0.90588,15.08752,3.018,3.150,343,-1.00,0.00002,4965,4456,40,422,0,46
331,1660.0,103,619,0.90616,15.08387,3.017,3.475,211,-1.00,0.00002,4980,4471,40,422,0,46
332,1665.0,103,620,0.90584,15.08700,3.017,3.150,203,-1.00,0.00002,4995,4483,40,425,0,46
333,1670.0,103,622,0.90551,15.08881,3.018,2.900,261,-1.00,0.00002,5010,4504,40,429,0,36
334,1675.0,103,624,0.90554,15.08749,3.017,3.100,166,-1.00,0.00002,5025,4515,40,430,0,39
335,1680.0,103,627,0.90558,15.08615,3.017,3.200,297,-1.00,0.00002,5040,4527,40,431,0,41
336,1685.0,103,626,0.90588,15.08475,3.017,2.900,221,-1.00,0.00002,5055,4543,40,431,0,40
337,1690.0,103,625,0.90571,15.08236,3.016,2.875,307,-1.00,0.00002,5070,4553,40,433,0,43
338,1695.0,103,625,0.90577,15.07884,3.016,3.300,322,-1.00,0.00002,5085,4566,40,434,0,44
339,1700.0,103,623,0.90512,15.08080,3.016,2.850,372,-1.00,0.00002,5100,4579,40,439,0,41
340,1705.0,103,621,0.90520,15.07947,3.016,2.675,239,-1.00,0.00002,5115,4593,40,440,0,41
341,1710.0,103,620,0.90546,15.07923,3.016,2.875,240,-1.00,0.00002,5130,4607,40,440,0,42
342,1715.0,103,619,0.90523,15.07895,3.016,3.025,221,-1.00,0.00002,5145,4623,40,443,0,38
343,1720.0,103,619,0.90549,15.07224,3.014,3.125,177,-1.00,0.00002,5160,4637,40,443,0,39
344,1725.0,103,620,0.90536,15.06776,3.014,2.675,161,-1.00,0.00002,5175,4649,40,445,0,40
345,1730.0,103,618,0.90558,15.06651,3.013,3.250,222,-1.00,0.00002,5190,4661,40,445,0,43
346,1735.0,103,620,0.90587,15.06201,3.012,2.900,409,-1.00,0.00002,5205,4677,40,445,0,42
347,1740.0,103,618,0.90549,15.06083,3.012,3.175,291,-1.00,0.00002,5220,4685,40,448,0,46
348,1745.0,103,618,0.90545,15.06274,3.013,2.900,164,-1.00,0.00002,5235,4702,40,450,0,42
349,1750.0,103,621,0.90549,15.06258,3.013,2.850,378,-1.00,0.00002,5250,4714,40,451,0,44
350,1755.0,103,623,0.90559,15.05921,3.012,3.150,166,-1.00,0.00002,5265,4729,40,452,0,43
351,1760.0,103,622,0.90578,15.05685,3.011,2.950,203,-1.00,0.00002,5280,4749,40,453,0,37
352,1765.0,103,624,0.90570,15.05353,3.011,2.750,255,-1.00,0.00002,5295,4764,40,455,0,35
353,1770.0,103,624,0.90575,15.04816,3.010,2.950,137,-1.00,0.00002,5310,4776,40,456,0,37
354,1775.0,103,621,0.90564,15.04281,3.009,3.025,175,-1.00,0.00002,5325,4789,40,458,0,37
355,1780.0,103,617,0.90562,15.04481,3.009,3.300,294,-1.00,0.00002,5340,4798,40,459,0,42
356,1785.0,103,619,0.90569,15.03534,3.007,3.000,265,-1.00,0.00002,5355,4811,40,460,0,43
357,1790.0,103,615,0.90599,15.03314,3.007,3.250,290,-1.00,0.00002,5370,4828,40,460,0,41
358,1795.0,103,615,0.90613,15.03205,3.006,3.225,420,-1.00,0.00002,5385,4836,40,460,0,48
359,1800.0,103,614,0.90619,15.03712,3.007,2.700,299,-1.00,0.00002,5400,4849,40,461,0,49
360,1805.0,103,615,0.90635,15.03492,3.007,3.150,292,-1.00,0.00002,5415,4868,40,462,0,44
361,1810.0,103,614,0.90639,15.04406,3.009,3.400,177,-1.00,0.00002,5430,4880,40,463,0,46
362,1815.0,103,614,0.90633,15.05208,3.010,2.675,148,-1.00,0.00002,5445,4896,40,465,0,43
363,1820.0,103,613,0.90637,15.04788,3.010,3.325,336,-1.00,0.00002,5460,4908,41,465,0,45
364,1825.0,103,611,0.90648,15.05179,3.010,2.950,171,-1.00,0.00002,5475,4924,41,466,0,43
365,1830.0,103,608,0.90640,15.05467,3.011,3.026,250,-1.00,0.00002,5490,4939,41,468,0,41
366,1835.0,103,609,0.90661,15.05150,3.010,2.900,166,-1.00,0.00002,5505,4951,41,468,0,44
367,1840.0,103,612,0.90652,15.04834,3.010,2.750,540,-1.00,0.00002,5520,4965,41,470,0,43
368,1845.0,103,613,0.90673,15.04512,3.009,3.125,172,-1.00,0.00002,5535,4987,41,471,0,35
369,1850.0,103,613,0.90658,15.04302,3.009,3.200,174,-1.00,0.00002,5550,4998,41,473,0,37
370,1855.0,103,613,0.90659,15.03994,3.008,2.775,248,-1.00,0.00002,5565,5008,41,474,0,41
371,1860.0,103,614,0.90645,15.03985,3.008,3.125,159,-1.00,0.00002,5580,5019,41,476,0,43
372,1865.0,103,614,0.90629,15.04375,3.009,3.200,147,-1.00,0.00002,5595,5029,41,478,0,46
373,1870.0,103,612,0.90633,15.04662,3.009,3.075,217,-1.00,0.00002,5610,5041,41,479,0,48
374,1875.0,103,612,0.90661,15.04350,3.009,3.300,415,-1.00,0.00002,5625,5058,41,479,0,46
375,1880.0,103,609,0.90652,15.04633,3.009,2.925,199,-1.00,0.00002,5640,5072,41,481,0,45
376,1885.0,103,609,0.90655,15.05017,3.010,3.150,454,-1.00,0.00002,5655,5083,41,482,0,48
377,1890.0,103,609,0.90675,15.04897,3.010,3.125,395,-1.00,0.00002,5670,5105,41,483,0,40
378,1895.0,103,612,0.90671,15.05271,3.011,3.225,324,-1.00,0.00002,5685,5122,41,485,0,36
379,1900.0,103,612,0.90682,15.05362,3.011,3.275,321,-1.00,0.00002,5700,5129,41,485,0,44
380,1905.0,103,614,0.90658,15.05153,3.010,3.125,223,-1.00,0.00002,5715,5143,41,488,0,42
381,1910.0,103,616,0.90634,15.04847,3.010,3.150,203,-1.00,0.00002,5730,5158,41,491,0,39
382,1915.0,103,614,0.90657,15.05027,3.010,3.525,186,-1.00,0.00002,5745,5172,41,491,0,40
383,1920.0,103,613,0.90663,15.05111,3.010,2.925,179,-1.00,0.00002,5760,5185,41,492,0,41
384,1925.0,103,613,0.90681,15.04908,3.010,3.425,156,-1.00,0.00002,5775,5196,41,492,0,45
385,1930.0,103,614,0.90654,15.04511,3.009,3.125,296,-1.00,0.00002,5790,5209,41,495,0,44
386,1935.0,103,612,0.90677,15.04691,3.009,3.025,344,-1.00,0.00002,5805,5223,41,495,0,45
387,1940.0,103,612,0.90701,15.05059,3.010,3.150,129,-1.00,0.00002,5820,5238,41,495,0,45
388,1945.0,103,613,0.90724,15.05046,3.010,3.450,320,-1.00,0.00002,5835,5252,41,495,0,46
389,1950.0,103,615,0.90724,15.04932,3.010,2.825,206,-1.00,0.00002,5850,5272,41,497,0,39
390,1955.0,103,614,0.90734,15.04633,3.009,3.100,104,-1.00,0.00002,5865,5288,41,498,0,37
391,1960.0,103,616,0.90721,15.04529,3.009,3.200,232,-1.00,0.00002,5880,5299,41,500,0,39
392,1965.0,103,616,0.90709,15.03483,3.007,2.850,326,-1.00,0.00002,5895,5311,41,502,0,40
393,1970.0,103,616,0.90677,15.04229,3.008,2.875,113,-1.00,0.00002,5910,5320,41,505,0,43
394,1975.0,103,615,0.90694,15.04596,3.009,3.425,456,-1.00,0.00002,5925,5331,41,505,0,47
395,1980.0,103,616,0.90699,15.05052,3.010,2.800,328,-1.00,0.00002,5940,5344,41,506,0,48
396,1985.0,103,619,0.90724,15.05784,3.012,3.100,331,-1.00,0.00002,5955,5360,41,506,0,47
397,1990.0,103,619,0.90705,15.05486,3.011,2.975,275,-1.00,0.00002,5970,5377,41,509,0,42
398,1995.0,103,622,0.90733,15.05283,3.011,2.850,284,-1.00,0.00002,5985,5395,41,509,0,39
399,2000.0,103,623,0.90744,15.04619,3.009,2.900,231,-1.00,0.00002,6000,5412,41,510,0,36
400,2005.0,105,646,0.90755,15.04798,3.010,2.900,10474,-1.00,0.00002,6015,5419,41,510,0,44
401,2010.0,105,645,0.90769,15.03954,3.008,3.025,265,-1.00,0.00002,6030,5438,41,511,0,39
402,2015.0,105,644,0.90793,15.03668,3.007,2.800,229,-1.00,0.00002,6045,5453,41,511,0,39
403,2020.0,105,643,0.90791,15.03845,3.008,3.000,202,-1.00,0.00002,6060,5462,41,512,0,44
404,2025.0,105,640,0.90794,15.03471,3.007,2.875,397,-1.00,0.00002,6075,5474,41,513,0,46
405,2030.0,105,639,0.90790,15.03278,3.007,2.850,196,-1.00,0.00002,6090,5491,41,515,0,42
406,2035.0,105,641,0.90795,15.03452,3.007,2.925,360,-1.00,0.00002,6105,5504,41,516,0,43
407,2040.0,105,638,0.90797,15.03173,3.006,3.025,624,-1.00,0.00002,6120,5515,41,517,0,46
408,2045.0,105,638,0.90803,15.03527,3.007,2.950,121,-1.00,0.00002,6135,5529,41,518,0,46
409,2050.0,105,638,0.90796,15.04239,3.008,3.325,192,-1.00,0.00002,6150,5544,41,520,0,44
410,2055.0,105,639,0.90815,15.03959,3.008,3.231,182,-1.00,0.00002,6165,5557,41,520,0,46
411,2060.0,105,640,0.90828,15.04126,3.008,2.700,206,-1.00,0.00002,6180,5575,41,521,0,42
412,2065.0,105,641,0.90849,15.03578,3.007,3.000,271,-1.00,0.00002,6195,5589,41,521,0,43
413,2070.0,105,644,0.90837,15.03749,3.007,2.897,318,-1.00,0.00002,6210,5601,41,523,0,44
414,2075.0,105,647,0.90824,15.04187,3.008,2.718,363,-1.00,0.00002,6225,5612,41,525,0,46
415,2080.0,105,646,0.90831,15.04087,3.008,3.050,328,-1.00,0.00002,6240,5627,41,526,0,45
416,2085.0,105,649,0.90849,15.04433,3.009,2.459,336,-1.00,0.00002,6255,5639,41,526,0,48
417,2090.0,105,650,0.90862,15.04684,3.009,2.921,276,-1.00,0.00002,6270,5658,41,527,0,43
418,2095.0,105,649,0.90852,15.04937,3.010,3.410,206,-1.00,0.00002,6285,5671,41,529,0,43
419,2100.0,105,647,0.90844,15.04661,3.009,3.282,295,-1.00,0.00002,6300,5685,42,530,0,42
420,2105.0,105,643,0.90851,15.04561,3.009,3.225,207,-1.00,0.00002,6315,5700,42,531,0,41
421,2110.0,105,644,0.90870,15.04376,3.009,2.872,175,-1.00,0.00002,6330,5713,42,531,0,43
422,2115.0,105,638,0.90893,15.04364,3.009,2.921,393,-1.00,0.00002,6345,5729,42,531,0,42
423,2120.0,105,638,0.90882,15.04268,3.009,2.950,262,-1.00,0.00002,6360,5741,42,533,0,43
424,2125.0,105,641,0.90862,15.04343,3.009,3.275,441,-1.00,0.00002,6375,5757,42,536,0,39
425,2130.0,105,637,0.90833,15.04075,3.008,3.079,468,-1.00,0.00002,6390,5767,43,538,0,41
426,2135.0,105,638,0.90823,15.04239,3.008,3.275,180,-1.00,0.00002,6405,5780,43,540,0,41
427,2140.0,105,637,0.90829,15.04315,3.009,3.000,404,-1.00,0.00002,6420,5794,43,541,0,41
428,2145.0,105,638,0.90834,15.04305,3.009,3.128,245,-1.00,0.00002,6435,5807,43,542,0,42
429,2150.0,105,640,0.90776,15.04642,3.009,3.000,187,-1.00,0.00002,6450,5816,43,547,0,43
430,2155.0,105,642,0.90753,15.04717,3.009,2.675,222,-1.00,0.00002,6465,5830,43,550,0,41
431,2160.0,105,643,0.90737,15.04625,3.009,2.850,203,-1.00,0.00002,6480,5838,43,552,0,46
432,2165.0,105,646,0.90738,15.05642,3.011,3.400,342,-1.00,0.00002,6495,5849,43,553,0,49
433,2170.0,105,645,0.90749,15.05455,3.011,3.325,320,-1.00,0.00002,6510,5866,43,554,0,46
434,2175.0,105,645,0.90774,15.05269,3.011,2.632,361,-1.00,0.00002,6525,5884,43,554,0,43
435,2180.0,105,644,0.90764,15.05767,3.012,3.125,272,-1.00,0.00002,6540,5896,43,556,0,44
436,2185.0,105,643,0.90774,15.05581,3.011,3.077,311,-1.00,0.00002,6555,5913,43,557,0,41
437,2190.0,105,640,0.90788,15.04804,3.010,2.895,290,-1.00,0.00002,6570,5933,44,557,0,35
438,2195.0,105,640,0.90792,15.04373,3.009,2.769,114,-1.00,0.00002,6585,5946,44,558,0,36
439,2200.0,105,639,0.90793,15.04281,3.009,3.075,275,-1.00,0.00002,6600,5956,44,559,0,40
440,2205.0,105,641,0.90740,15.04440,3.009,2.850,431,-1.00,0.00002,6615,5968,44,564,0,38
441,2210.0,105,640,0.90726,15.04099,3.008,2.975,340,-1.00,0.00002,6630,5977,44,566,0,42
442,2215.0,105,640,0.90714,15.04175,3.008,3.200,196,-1.00,0.00002,6645,5988,44,568,0,44
443,2220.0,105,639,0.90722,15.04081,3.008,3.275,622,-1.00,0.00002,6660,6004,44,569,0,42
444,2225.0,105,639,0.90724,15.04572,3.009,3.475,271,-1.00,0.00002,6675,6015,44,570,0,45
445,2230.0,105,642,0.90718,15.04643,3.009,2.650,354,-1.00,0.00002,6690,6030,44,572,0,43
446,2235.0,105,644,0.90718,15.04553,3.009,2.850,227,-1.00,0.00002,6705,6040,44,573,0,47
447,2240.0,105,647,0.90695,15.05369,3.011,3.450,288,-1.00,0.00002,6720,6053,44,576,0,46
448,2245.0,105,647,0.90671,15.05276,3.011,3.200,193,-1.00,0.00002,6735,6065,44,579,0,46
449,2250.0,105,651,0.90684,15.05424,3.011,2.925,293,-1.00,0.00002,6750,6084,44,580,0,41
450,2255.0,105,652,0.90660,15.05577,3.011,3.000,278,-1.00,0.00002,6765,6096,44,583,0,41
451,2260.0,105,651,0.90680,15.05974,3.012,3.150,176,-1.00,0.00002,6780,6110,44,583,0,42
452,2265.0,105,650,0.90665,15.05311,3.011,3.200,362,-1.00,0.00002,6795,6119,44,585,0,46
453,2270.0,105,649,0.90673,15.05298,3.011,3.050,226,-1.00,0.00002,6810,6134,44,586,0,45
454,2275.0,105,646,0.90657,15.05608,3.011,2.775,447,-1.00,0.00002,6825,6152,44,589,0,39
455,2280.0,105,644,0.90678,15.05432,3.011,3.325,320,-1.00,0.00002,6840,6167,44,589,0,39
456,2285.0,105,644,0.90700,15.04852,3.010,3.150,189,-1.00,0.00002,6855,6183,44,589,0,38
457,2290.0,105,642,0.90688,15.04440,3.009,3.100,241,-1.00,0.00002,6870,6194,44,591,0,40
458,2295.0,105,643,0.90688,15.04352,3.009,2.700,233,-1.00,0.00002,6885,6204,44,592,0,44
459,2300.0,105,642,0.90705,15.04665,3.009,3.100,137,-1.00,0.00002,6900,6216,44,592,0,47
460,2305.0,105,640,0.90704,15.04571,3.009,2.825,179,-1.00,0.00002,6915,6235,44,594,0,41
461,2310.0,105,640,0.90674,15.04646,3.009,3.250,462,-1.00,0.00002,6930,6242,44,597,0,46
462,2315.0,105,640,0.90662,15.04791,3.010,3.075,276,-1.00,0.00002,6945,6262,44,600,0,38
463,2320.0,105,641,0.90679,15.04781,3.010,2.825,349,-1.00,0.00002,6960,6275,44,600,0,40
464,2325.0,105,646,0.90690,15.04695,3.009,3.175,356,-1.00,0.00002,6975,6283,44,600,0,47
465,2330.0,105,645,0.90701,15.04523,3.009,2.875,173,-1.00,0.00002,6990,6301,44,601,0,43
466,2335.0,105,647,0.90708,15.04829,3.010,3.250,264,-1.00,0.00002,7005,6316,44,602,0,42
467,2340.0,105,649,0.90711,15.05136,3.010,2.925,273,-1.00,0.00002,7020,6328,44,603,0,44
468,2345.0,105,649,0.90715,15.04573,3.009,3.275,145,-1.00,0.00002,7035,6341,44,604,0,45
469,2350.0,105,646,0.90738,15.04876,3.010,3.300,237,-1.00,0.00002,7050,6358,44,604,0,43
470,2355.0,105,643,0.90734,15.04863,3.010,3.100,304,-1.00,0.00002,7065,6375,44,606,0,39
471,2360.0,105,643,0.90736,15.04541,3.009,3.050,266,-1.00,0.00002,7080,6386,44,607,0,42
472,2365.0,105,640,0.90753,15.04766,3.010,3.100,376,-1.00,0.00002,7095,6399,44,607,0,44
473,2370.0,105,641,0.90766,15.04362,3.009,2.950,405,-1.00,0.00002,7110,6419,44,608,0,38
474,2375.0,105,641,0.90783,15.04042,3.008,3.050,333,-1.00,0.00002,7125,6432,44,608,0,40
475,2380.0,105,641,0.90784,15.03415,3.007,3.050,262,-1.00,0.00002,7140,6442,44,609,0,44
476,2385.0,105,639,0.90789,15.03717,3.007,3.225,293,-1.00,0.00002,7155,6456,44,610,0,44
477,2390.0,105,639,0.90778,15.03325,3.007,3.125,170,-1.00,0.00002,7170,6467,44,612,0,46
478,2395.0,105,638,0.90793,15.03781,3.008,2.950,192,-1.00,0.00002,7185,6479,44,612,0,49
479,2400.0,105,637,0.90802,15.04310,3.009,3.275,234,-1.00,0.00002,7200,6496,44,613,0,46
480,2405.0,105,633,0.90768,15.04609,3.009,2.949,472,-1.00,0.00002,7215,6509,46,615,0,44
481,2410.0,105,634,0.90762,15.04982,3.010,2.950,161,-1.00,0.00002,7230,6524,47,616,0,42
482,2415.0,105,635,0.90766,15.04895,3.010,2.900,436,-1.00,0.00002,7245,6537,48,616,0,43
483,2420.0,105,635,0.90768,15.04658,3.009,3.000,167,-1.00,0.00002,7260,6548,48,617,0,46
484,2425.0,105,637,0.90751,15.05027,3.010,3.128,217,-1.00,0.00002,7275,6564,48,620,0,42
485,2430.0,105,637,0.90770,15.04788,3.010,3.308,218,-1.00,0.00002,7290,6579,48,620,0,42
486,2435.0,105,638,0.90794,15.04395,3.009,3.128,133,-1.00,0.00002,7305,6598,48,620,0,38
487,2440.0,105,637,0.90797,15.04236,3.008,3.100,189,-1.00,0.00002,7320,6610,49,620,0,40
488,2445.0,105,636,0.90809,15.04230,3.008,2.975,461,-1.00,0.00002,7335,6620,49,620,0,45
489,2450.0,105,637,0.90829,15.04445,3.009,3.050,378,-1.00,0.00002,7350,6636,49,620,0,44
490,2455.0,105,633,0.90798,15.04517,3.009,2.850,412,-1.00,0.00002,7365,6641,49,623,0,51
491,2460.0,105,633,0.90822,15.04805,3.010,3.175,452,-1.00,0.00002,7380,6660,49,623,0,47
492,2465.0,105,636,0.90841,15.04944,3.010,3.025,472,-1.00,0.00002,7395,6675,49,623,0,47
493,2470.0,105,636,0.90865,15.05004,3.010,3.225,317,-1.00,0.00002,7410,6694,49,623,0,43
494,2475.0,105,637,0.90870,15.04845,3.010,3.000,203,-1.00,0.00002,7425,6708,49,624,0,43
495,2480.0,105,637,0.90854,15.04989,3.010,2.725,286,-1.00,0.00002,7440,6715,49,626,0,49
496,2485.0,105,638,0.90875,15.05719,3.011,3.300,254,-1.00,0.00002,7455,6732,49,626,0,47
497,2490.0,105,639,0.90861,15.05258,3.011,3.075,211,-1.00,0.00002,7470,6751,49,629,0,40
498,2495.0,105,635,0.90881,15.05024,3.010,3.375,219,-1.00,0.00002,7485,6767,49,629,0,39
499,2500.0,105,637,0.90886,15.04867,3.010,2.950,154,-1.00,0.00002,7500,6781,49,630,0,39
500,2505.0,105,636,0.90888,15.04564,3.009,3.025,287,-1.00,0.00002,7515,6793,49,631,0,41
501,2510.0,105,635,0.90897,15.03965,3.008,3.075,324,-1.00,0.00002,7530,6810,49,632,0,38
502,2515.0,105,634,0.90889,15.03591,3.007,2.975,280,-1.00,0.00002,7545,6823,49,634,0,38
503,2520.0,105,636,0.90893,15.03218,3.006,3.150,296,-1.00,0.00002,7560,6837,49,635,0,38
504,2525.0,105,638,0.90876,15.03288,3.007,2.900,243,-1.00,0.00002,7575,6843,49,637,0,45
505,2530.0,105,639,0.90871,15.03281,3.007,3.050,129,-1.00,0.00002,7590,6858,49,639,0,43
506,2535.0,105,638,0.90841,15.03419,3.007,2.975,221,-1.00,0.00002,7605,6873,49,643,0,39
507,2540.0,105,639,0.90848,15.03339,3.007,3.150,391,-1.00,0.00002,7620,6889,49,644,0,37
508,2545.0,105,639,0.90848,15.02826,3.006,3.000,131,-1.00,0.00002,7635,6899,49,645,0,41
509,2550.0,105,639,0.90836,15.02967,3.006,3.200,513,-1.00,0.00002,7650,6909,49,647,0,44
510,2555.0,105,640,0.90840,15.03034,3.006,2.950,483,-1.00,0.00002,7665,6922,49,648,0,45
511,2560.0,105,643,0.90825,15.03170,3.006,2.950,268,-1.00,0.00002,7680,6939,49,651,0,40
512,2565.0,105,643,0.90827,15.03093,3.006,3.225,285,-1.00,0.00002,7695,6951,49,652,0,42
513,2570.0,105,647,0.90821,15.02153,3.004,2.875,254,-1.00,0.00002,7710,6966,49,654,0,40
514,2575.0,105,648,0.90825,15.03152,3.006,3.050,252,-1.00,0.00002,7725,6979,49,655,0,41
515,2580.0,105,646,0.90816,15.03075,3.006,3.050,246,-1.00,0.00002,7740,6991,49,657,0,42
516,2585.0,105,646,0.90831,15.02856,3.006,3.275,210,-1.00,0.00002,7755,7004,49,657,0,44
517,2590.0,105,645,0.90827,15.02493,3.005,2.850,268,-1.00,0.00002,7770,7020,49,659,0,41
518,2595.0,105,644,0.90821,15.02416,3.005,3.075,208,-1.00,0.00002,7785,7035,49,661,0,39
519,2600.0,105,640,0.90786,15.01987,3.004,3.175,397,-1.00,0.00002,7800,7045,49,665,0,40
520,2605.0,105,639,0.90794,15.02340,3.005,2.975,197,-1.00,0.00002,7815,7052,49,665,0,48
521,2610.0,105,640,0.90790,15.02193,3.004,3.250,426,-1.00,0.00002,7830,7068,49,667,0,45
522,2615.0,105,638,0.90789,15.02187,3.004,2.925,333,-1.00,0.00002,7845,7087,49,669,0,39
523,2620.0,105,640,0.90792,15.02183,3.004,2.950,129,-1.00,0.00002,7860,7099,49,670,0,41
524,2625.0,105,640,0.90800,15.01967,3.004,3.000,202,-1.00,0.00002,7875,7116,49,671,0,38
525,2630.0,105,640,0.90790,15.01754,3.004,3.200,237,-1.00,0.00002,7890,7127,49,673,0,40
526,2635.0,105,641,0.90759,15.01401,3.003,2.975,164,-1.00,0.00002,7905,7140,49,677,0,38
527,2640.0,105,643,0.90759,15.01469,3.003,3.125,362,-1.00,0.00002,7920,7150,49,678,0,42
528,2645.0,105,646,0.90771,15.01676,3.003,3.000,367,-1.00,0.00002,7935,7160,49,678,0,47
529,2650.0,105,647,0.90787,15.01812,3.004,2.875,419,-1.00,0.00002,7950,7174,49,678,0,48
530,2655.0,105,646,0.90794,15.01947,3.004,3.175,263,-1.00,0.00002,7965,7190,49,679,0,46
531,2660.0,105,649,0.90808,15.02360,3.005,3.100,270,-1.00,0.00002,7980,7202,49,679,0,49
532,2665.0,105,647,0.90819,15.02562,3.005,3.000,543,-1.00,0.00002,7995,7221,49,680,0,44
533,2670.0,105,646,0.90796,15.02766,3.006,3.000,126,-1.00,0.00002,8010,7231,50,682,0,46
534,2675.0,105,644,0.90805,15.02759,3.006,3.447,286,-1.00,0.00002,8025,7249,51,682,0,42
535,2680.0,105,641,0.90824,15.02684,3.005,2.838,204,-1.00,0.00002,8040,7265,51,682,0,41
536,2685.0,105,640,0.90830,15.02610,3.005,3.205,182,-1.00,0.00002,8055,7280,52,682,0,40
537,2690.0,105,638,0.90811,15.02400,3.005,3.051,454,-1.00,0.00002,8070,7293,52,685,0,39
538,2695.0,105,638,0.90825,15.01985,3.004,2.737,238,-1.00,0.00002,8085,7306,52,685,0,41
539,2700.0,105,641,0.90804,15.01777,3.004,3.000,409,-1.00,0.00002,8100,7317,53,687,0,42
540,2705.0,105,638,0.90821,15.01978,3.004,3.282,374,-1.00,0.00002,8115,7332,53,687,0,42
541,2710.0,105,638,0.90805,15.02450,3.005,2.769,211,-1.00,0.00002,8130,7347,54,689,0,39
542,2715.0,105,639,0.90792,15.02311,3.005,2.900,294,-1.00,0.00002,8145,7356,54,691,0,43
543,2720.0,105,638,0.90797,15.02171,3.004,3.211,303,-1.00,0.00002,8160,7370,54,692,0,43
544,2725.0,105,640,0.90815,15.02302,3.005,3.079,254,-1.00,0.00002,8175,7386,54,692,0,42
545,2730.0,105,642,0.90825,15.01891,3.004,2.975,261,-1.00,0.00002,8190,7405,54,693,0,37
546,2735.0,105,644,0.90816,15.01686,3.003,3.300,200,-1.00,0.00002,8205,7416,55,694,0,39
547,2740.0,105,646,0.90793,15.01751,3.004,3.154,361,-1.00,0.00002,8220,7426,56,696,0,41
548,2745.0,105,644,0.90798,15.01949,3.004,3.308,304,-1.00,0.00002,8235,7440,57,696,0,41
549,2750.0,105,646,0.90789,15.01946,3.004,2.872,376,-1.00,0.00002,8250,7452,57,698,0,42
550,2755.0,105,644,0.90784,15.01875,3.004,3.175,342,-1.00,0.00002,8265,7467,57,700,0,40
551,2760.0,105,642,0.90780,15.01670,3.003,3.000,216,-1.00,0.00002,8280,7483,57,702,0,37
552,2765.0,105,640,0.90780,15.01735,3.003,3.333,260,-1.00,0.00002,8295,7493,57,703,0,41
553,2770.0,105,639,0.90784,15.01266,3.003,2.800,144,-1.00,0.00002,8310,7506,57,704,0,42
554,2775.0,105,639,0.90791,15.00798,3.002,3.375,241,-1.00,0.00002,8325,7522,57,705,0,40
555,2780.0,105,639,0.90762,15.00995,3.002,3.026,314,-1.00,0.00002,8340,7536,58,708,0,37
556,2785.0,105,638,0.90752,15.00663,3.001,3.125,259,-1.00,0.00002,8355,7546,59,709,0,40
557,2790.0,105,642,0.90731,15.00595,3.001,3.525,340,-1.00,0.00002,8370,7557,60,711,0,41
558,2795.0,105,638,0.90723,15.00859,3.002,3.154,467,-1.00,0.00002,8385,7569,61,712,0,42
559,2800.0,105,639,0.90720,15.01186,3.002,2.658,238,-1.00,0.00002,8400,7586,61,714,0,38
560,2805.0,105,642,0.90696,15.00988,3.002,3.026,414,-1.00,0.00002,8415,7594,62,716,0,42
561,2810.0,105,644,0.90708,15.01052,3.002,3.275,169,-1.00,0.00002,8430,7605,62,716,0,46
562,2815.0,105,645,0.90716,15.01312,3.003,2.897,305,-1.00,0.00002,8445,7622,62,717,0,43
563,2820.0,105,646,0.90723,15.01375,3.003,2.711,223,-1.00,0.00002,8460,7638,62,718,0,41
564,2825.0,105,649,0.90735,15.01569,3.003,3.175,391,-1.00,0.00002,8475,7649,62,718,0,45
565,2830.0,105,651,0.90748,15.01240,3.002,3.000,309,-1.00,0.00002,8490,7660,62,718,0,49
566,2835.0,105,649,0.90757,15.01563,3.003,2.950,236,-1.00,0.00002,8505,7678,62,719,0,45
567,2840.0,105,650,0.90746,15.01429,3.003,3.125,379,-1.00,0.00002,8520,7698,62,722,0,37
568,2845.0,105,648,0.90747,15.01297,3.003,3.025,274,-1.00,0.00002,8535,7709,62,723,0,40
569,2850.0,105,646,0.90749,15.01360,3.003,3.425,384,-1.00,0.00002,8550,7720,62,724,0,43
570,2855.0,105,643,0.90748,15.01551,3.003,2.950,367,-1.00,0.00002,8565,7739,62,726,0,37
571,2860.0,105,643,0.90738,15.01226,3.002,3.275,156,-1.00,0.00002,8580,7749,62,728,0,40
572,2865.0,105,641,0.90736,15.01030,3.002,3.250,229,-1.00,0.00002,8595,7767,62,730,0,35
573,2870.0,105,643,0.90734,15.01093,3.002,3.025,254,-1.00,0.00002,8610,7775,62,731,0,41
574,2875.0,105,642,0.90748,15.01091,3.002,3.025,106,-1.00,0.00002,8625,7788,62,731,0,43
575,2880.0,105,641,0.90771,15.00192,3.000,3.075,187,-1.00,0.00002,8640,7809,62,731,0,37
576,2885.0,105,641,0.90781,15.00384,3.001,3.150,592,-1.00,0.00002,8655,7819,62,731,0,42
577,2890.0,105,642,0.90783,15.00192,3.000,3.175,225,-1.00,0.00002,8670,7830,62,732,0,45
578,2895.0,105,645,0.90767,15.00319,3.001,2.900,342,-1.00,0.00002,8685,7845,62,735,0,42
579,2900.0,105,647,0.90781,15.00382,3.001,3.475,232,-1.00,0.00002,8700,7858,62,735,0,44
580,2905.0,105,647,0.90783,15.00127,3.000,3.075,248,-1.00,0.00002,8715,7870,62,736,0,46
581,2910.0,105,647,0.90792,15.00444,3.001,3.075,244,-1.00,0.00002,8730,7888,62,737,0,42
582,2915.0,105,649,0.90794,15.00316,3.001,2.700,277,-1.00,0.00002,8745,7900,62,738,0,44
583,2920.0,105,647,0.90795,15.00695,3.001,2.850,184,-1.00,0.00002,8760,7911,62,739,0,47
584,2925.0,105,644,0.90801,15.00820,3.002,3.350,297,-1.00,0.00002,8775,7926,62,740,0,46
585,2930.0,105,644,0.90781,15.01008,3.002,3.200,283,-1.00,0.00002,8790,7937,62,743,0,47
586,2935.0,105,642,0.90800,15.01383,3.003,3.375,234,-1.00,0.00002,8805,7955,62,743,0,44
587,2940.0,105,640,0.90790,15.01130,3.002,2.900,473,-1.00,0.00002,8820,7965,62,745,0,47
588,2945.0,105,640,0.90797,15.01128,3.002,2.625,415,-1.00,0.00002,8835,7982,62,746,0,44
589,2950.0,105,641,0.90803,15.01751,3.004,3.000,278,-1.00,0.00002,8850,7997,62,747,0,43
590,2955.0,105,640,0.90818,15.01311,3.003,2.925,307,-1.00,0.00002,8865,8012,62,747,0,43
591,2960.0,105,641,0.90822,15.01558,3.003,2.875,213,-1.00,0.00002,8880,8025,62,748,0,44
592,2965.0,105,640,0.90825,15.01742,3.003,2.975,114,-1.00,0.00002,8895,8038,62,749,0,45
593,2970.0,105,639,0.90832,15.01614,3.003,3.000,227,-1.00,0.00002,8910,8055,62,750,0,42
594,2975.0,105,638,0.90846,15.01301,3.003,3.275,238,-1.00,0.00002,8925,8068,62,750,0,44
595,2980.0,105,634,0.90842,15.01175,3.002,2.950,363,-1.00,0.00002,8940,8084,62,752,0,41
596,2985.0,105,635,0.90842,15.00865,3.002,3.000,230,-1.00,0.00002,8955,8094,62,753,0,45
597,2990.0,105,636,0.90859,15.01048,3.002,2.825,583,-1.00,0.00002,8970,8111,62,753,0,43
598,2995.0,105,635,0.90875,15.01292,3.003,3.132,141,-1.00,0.00002,8985,8126,62,753,0,43
599,3000.0,105,637,0.90865,15.01290,3.003,3.333,225,-1.00,0.00002,9000,8137,63,754,0,45
